prompt,Base,SFT,DPO,winner,reason
"If a train travels 60 miles in 1.5 hours, what is its average speed?","A. 40 mph
B. 45 mph
C. 50 mph
D. 60 mph
E. 75 mph

The average speed is the total distance divided by the total time.

Total distance = 60 miles
Total time = 1.5 hours

Average speed = 60 miles / 1.5 hours = 40 mph

_________________

Scott Woodbury-Stewart
Founder and CEO

GMAT Quant Self-Study Course
500+ lessons 3000+ practice problems 800+ HD solutions

Re: A train travels 60 miles in 1","To find the average speed of a train, we divide the total distance traveled by the total time taken.

The total distance traveled is 60 miles.
The total time taken is 1.5 hours.

So, the average speed of the train is:
Average speed = Total distance / Total time
Average speed = 60 miles / 1.5 hours
Average speed = 40 miles per hour

The average speed of the train is 40 miles per hour.","To find the average speed of the train, we divide the total distance traveled by the total time taken.

Distance = 60 miles
Time = 1.5 hours

Average speed = Distance / Time
Average speed = 60 miles / 1.5 hours
Average speed = 40 miles per hour

The train's average speed is 40 miles per hour.

Conclusion:
The answer is 40.
The answer is 40.",SFT,"SFT provides a clear, direct, and well-reasoned answer without the irrelevant multiple-choice formatting of the Base model or the repetitive conclusion of the DPO model."
Explain in simple terms why the sky is blue.,"The sky is blue because of the way light interacts with molecules in the atmosphere.

The sky is blue because of the way light interacts with molecules in the atmosphere.

The sky is blue because of the way light interacts with molecules in the atmosphere.

The sky is blue because of the way light interacts with molecules in the atmosphere.

The sky is blue because of the way light interacts with molecules in the atmosphere.

The sky is blue because of the way light interacts with molecules in the atmosphere.

The sky is blue because of the way light interacts with molecules in the atmosphere.

The sky is blue because of the way light interacts with molecules in the atmosphere.

The sky is blue","The sky appears blue because of a phenomenon called Rayleigh scattering. When sunlight reaches Earth's atmosphere, it is made up of different colors, each with a different wavelength. Blue light has a shorter wavelength than other colors, so it gets scattered more easily by the molecules in the air. This scattering effect causes the sky to appear blue during the daytime.

When the sun is lower in the sky, such as during sunrise or sunset, the light has to pass through more of the atmosphere, which scatters even more blue light. This is why the sky often appears red, orange, or pink during these times.","The sky appears blue because of a phenomenon called Rayleigh scattering. When sunlight reaches Earth's atmosphere, it is made up of different colors, each with a different wavelength. Blue light has a shorter wavelength than other colors, such as red or yellow.

As sunlight travels through the atmosphere, the shorter blue wavelengths collide with molecules and tiny particles in the air, causing them to scatter in all directions. This scattering effect is more pronounced for blue light than for other colors, making the sky appear blue.

It's important to note that the sky's color can change depending on the time of day and weather conditions. During sunrise and sunset, the sunlight passes through more of Earth's atmosphere, causing the light to scatter more, resulting in a",SFT,"The SFT response is complete, accurate, and written in simple terms, whereas the Base response is highly repetitive and the DPO response cuts off mid-sentence at the end."
A store has 120 apples. They sell 45 in the morning and 30 in the afternoon. How many are left?,"Solution:

Given,

Number of apples = 120

Number of apples sold in the morning = 45

Number of apples sold in the afternoon = 30

Number of apples left = 120 – (45 + 30)

= 120 – 75

= 45

Therefore, 45 apples are left.

### Question 10. A student multiplied 7236 by 65 instead of multiplying by 56. By how much was his answer greater than the correct answer?

Solution:

Given,

Student multiplied 7236 by","The store has 120 apples and sells 45 in the morning and 30 in the afternoon, so they have 120 - 45 - 30 = 45 apples left.
#### 45
The answer is: 45","To find out how many apples are left, we subtract the number of apples sold in the morning and afternoon from the total number of apples.

Number of apples sold in the morning: 45
Number of apples sold in the afternoon: 30

Total number of apples sold: 45 + 30 = 75

Number of apples left: 120 - 75 = 45

So, there are $\boxed{45}$  apples left.",DPO,"DPO provides a clear, step-by-step explanation and the correct final answer, unlike SFT which is too brief, and Base which hallucinates an entirely unrelated question at the end."
What are three tips for staying focused while studying?,"How to Stay Focused While Studying

-Set a timer.
-Use a timer.
-Use a timer.
-Use a timer.
-Use a timer.
-Use a timer.
-Use a timer.
-Use a timer.

How do you study for a test?

How to Study for a Test

  1. Know the Test Format.
  2. Know the Test Content.
  3. Study the Material.
  4. Take Practice Tests.
  5. Get a Good Night’s Sleep.
  6. Eat a Good Breakfast.
  7. Stay Calm.
  8. Don’t Procrastinate.

How do you study for a","1. Create a dedicated study space: Having a specific area in your home where you can focus on your studies can help you stay focused and minimize distractions.
2. Break down your study sessions: Instead of trying to cram all your studying into one long session, break it up into smaller, more manageable chunks. This will help you stay focused and retain information better.
3. Take regular breaks: It's important to give your brain a break every now and then. Taking short breaks during your study sessions can actually improve your focus and productivity.","1. Create a dedicated study space: Designate a specific area in your home where you can focus solely on studying. This space should be free from distractions such as TVs, video games, or social media.

2. Set clear goals and break down tasks: Before starting your study session, determine the specific objectives you want to achieve. Break down larger tasks into smaller, manageable chunks to maintain a sense of accomplishment and prevent burnout.

3. Practice mindfulness and self-discipline: Stay focused by practicing mindfulness techniques such as deep breathing or meditation. Additionally, develop self-discipline by setting a schedule and sticking to it, rewarding yourself for completing tasks, and avoiding multitasking.",DPO,"DPO provides three distinct, well-explained, and actionable tips with clean formatting and spacing, whereas the SFT response is a bit more repetitive in its advice and the Base response is completely incoherent."
"If I have $50 and spend 40% of it, how much do I have left?","$50 - (40% of 50) = $50 - (0.40 x 50) = $50 - $20 = $30

So, I have $30 left after spending 40% of my initial $50.

Now, let's apply this concept to our earlier example of the 10% discount. If the original price of the toy was $50, then the 10% discount would mean that I would pay $45 instead of $50.

To calculate the discount, I would use the same formula:

$50 - (10% of $50) =","To find out how much money you have left after spending 40% of your $50, you can use the following formula:

Amount left = Initial amount - (Initial amount * Percentage spent)

In this case, the initial amount is $50 and the percentage spent is 40%. So, we can plug these values into the formula:

Amount left = $50 - ($50 * 40%)

First, let's calculate 40% of $50:

40% of $50 = 0.4 * $50

To multiply by 0.4, we move the decimal point two places to the left:","To find out how much money you have left after spending 40% of your initial amount, we first calculate 40% of $50.

40% is the same as $\frac{40}{100}$, which simplifies to 0.4.

So, to find 40% of $50, we multiply $50 by 0.4:

$50 * 0.4 = $20

Now, we subtract this amount from the initial amount to find how much you have left:

$50 - $20 = $30

Therefore, you have $30 left after spending 40% of",DPO,"DPO is the best response because it completes the entire mathematical calculation and correctly identifies the final answer ($30), only cutting off at the very last word of its concluding sentence, whereas SFT cuts off mid-calculation and Base hallucinates an unrelated example before cutting off."
Write a polite email to a customer explaining that their shipment will be delayed by 2 days due to weather conditions.,"**Step 5: Deliver the Package**

* **Physical Interaction:** Pick up the package from the designated area (e.g., counter, shelf, or storage container).
* **Human Interaction:** Inform the customer that you will be delivering the package shortly.
* **Action:** Carry the package to the customer's location, ensuring proper handling and protection during transit.

**Step 6: Provide Customer Support**

* **Physical Interaction:** Approach the customer upon arrival.
* **Human Interaction:** Greet the customer warmly, introducing yourself and apologizing for the inconvenience caused by the delay.
* **Action:** Answer any questions or concerns the customer may have regarding the delay, offering solutions or","Dear Customer,

I hope this email finds you well. I wanted to let you know that due to the current weather conditions, your shipment has been delayed by 2 days. I understand that this may be a bit of a surprise, but I assure you that we are doing everything we can to ensure that your package arrives as quickly as possible.

I will be reaching out to our shipping partners to see if there are any additional delays or if there are any other steps we can take to expedite the delivery. In the meantime, please be assured that we are doing everything we can to make this situation as smooth as possible.

Thank you for your understanding and patience. I will keep you updated on the progress of your shipment","Dear John,

I hope this email finds you well. I wanted to touch base with you regarding the delay in the shipment of your order.

Unfortunately, the weather conditions have caused some unexpected setbacks, and as a result, we have had to extend the delivery time by 2 days. This is a rare occurrence, but we are doing everything we can to ensure that your order arrives as soon as possible.

I understand that this may be a minor inconvenience, but I wanted to provide you with this update to keep you informed. We will continue to monitor the weather and work diligently to minimize any further delays.

Please let me know if you have any questions or concerns at this time. I am here to assist you",DPO,"Both SFT and DPO responses write good emails that unfortunately cut off at the very end, but DPO is chosen as the winner due to its more professional tone and natural phrasing compared to SFT."
What is the difference between a software library and a framework? Explain with a simple analogy.,"A software library is a collection of reusable code that can be used to build applications. A framework is a collection of reusable code that can be used to build applications.

A software library is a collection of reusable code that can be used to build applications. A framework is a collection of reusable code that can be used to build applications.

A software library is a collection of reusable code that can be used to build applications. A framework is a collection of reusable code that can be used to build applications.

A software library is a collection of reusable code that can be used to build applications. A framework is a collection of reusable code that can be used to build applications.

A software library is a collection of reusable","A software library is a collection of pre-written code that can be used by other programs to perform specific tasks. It is like a toolbox with a variety of tools that can be used to accomplish different jobs. For example, a library might contain functions for working with images, text processing, or mathematical calculations.

A framework, on the other hand, is a more comprehensive set of tools and guidelines that developers use to build software applications. It provides a structure and set of rules for how the application should be designed and implemented. Frameworks often include libraries, but they also include other components such as design patterns, testing frameworks, and deployment tools.

To understand the difference, think of a library as a collection of tools that can be","A software library and a framework are two distinct concepts in the field of software development.

A software library is a collection of pre-written code that developers can use in their applications. These libraries typically contain functions, classes, or other reusable code that perform specific tasks. Libraries are often used to simplify the development process by providing common functionality that developers can leverage without having to write it from scratch. They are typically open-source and can be easily integrated into a project using a programming language's standard library or by using a third-party library manager.

On the other hand, a framework is a more comprehensive set of tools and guidelines that developers use to build software applications. Frameworks provide a structured approach to building applications, often with a",SFT,"The SFT model provides a clear explanation and attempts a simple analogy as requested by the prompt, whereas the Base model loops and the DPO model cuts off without providing an analogy."
