prompt,Base,SFT,DPO
"If a train travels 60 miles in 1.5 hours, what is its average speed?","A. 40 mph
B. 45 mph
C. 50 mph
D. 60 mph
E. 75 mph

The average speed is the total distance divided by the total time.

Total distance = 60 miles
Total time = 1.5 hours

Average speed = 60 miles / 1.5 hours = 40 mph

_________________

Scott Woodbury-Stewart
Founder and CEO

GMAT Quant Self-Study Course
500+ lessons 3000+ practice problems 800+ HD solutions

Re: A train travels 60 miles in 1","To find the average speed of a train, we divide the total distance traveled by the total time taken.

The total distance traveled is 60 miles.
The total time taken is 1.5 hours.

So, the average speed of the train is:
Average speed = Total distance / Total time
Average speed = 60 miles / 1.5 hours
Average speed = 40 miles per hour

The average speed of the train is 40 miles per hour.","To find the average speed of a train, we divide the total distance traveled by the total time taken.

The total distance traveled is 60 miles.
The total time taken is 1.5 hours.

So, the average speed of the train is:
Average speed = Total distance / Total time
Average speed = 60 miles / 1.5 hours
Average speed = 40 miles per hour

The average speed of the train is 40 miles per hour."
Explain in simple terms why the sky is blue.,"The sky is blue because of the way light interacts with molecules in the atmosphere.

The sky is blue because of the way light interacts with molecules in the atmosphere.

The sky is blue because of the way light interacts with molecules in the atmosphere.

The sky is blue because of the way light interacts with molecules in the atmosphere.

The sky is blue because of the way light interacts with molecules in the atmosphere.

The sky is blue because of the way light interacts with molecules in the atmosphere.

The sky is blue because of the way light interacts with molecules in the atmosphere.

The sky is blue because of the way light interacts with molecules in the atmosphere.

The sky is blue","The sky appears blue because of a phenomenon called Rayleigh scattering. When sunlight reaches Earth's atmosphere, it is made up of different colors, each with a different wavelength. Blue light has a shorter wavelength than other colors, so it gets scattered more easily by the molecules in the air. This scattering effect causes the sky to appear blue during the daytime.

When the sun is lower in the sky, such as during sunrise or sunset, the light has to pass through more of the atmosphere, which scatters even more blue light. This is why the sky often appears red, orange, or pink during these times.","The sky appears blue because of a phenomenon called Rayleigh scattering. When sunlight reaches Earth's atmosphere, it is made up of different colors, each with a different wavelength. Blue light has a shorter wavelength than other colors, so it gets scattered more easily by the molecules in the air. This scattering effect causes the sky to appear blue during the daytime.

When the sun is lower in the sky, such as during sunrise or sunset, the light has to pass through more of the atmosphere, which scatters even more blue light. This is why the sky often appears red, orange, or pink during these times."
A store has 120 apples. They sell 45 in the morning and 30 in the afternoon. How many are left?,"Solution:

Given,

Number of apples = 120

Number of apples sold in the morning = 45

Number of apples sold in the afternoon = 30

Number of apples left = 120 – (45 + 30)

= 120 – 75

= 45

Therefore, 45 apples are left.

### Question 10. A student multiplied 7236 by 65 instead of multiplying by 56. By how much was his answer greater than the correct answer?

Solution:

Given,

Student multiplied 7236 by","The store has 120 apples and sells 45 in the morning and 30 in the afternoon, so they have 120 - 45 - 30 = 45 apples left.
#### 45
The answer is: 45","The store has 120 apples and sells 45 in the morning and 30 in the afternoon, so they sell a total of 45 + 30 = 75 apples.
To find out how many are left, we subtract the number of apples sold from the total number of apples: 120 - 75 = 45.
So, there are 45 apples left.
The answer is: 45"
What are three tips for staying focused while studying?,"How to Stay Focused While Studying

-Set a timer.
-Use a timer.
-Use a timer.
-Use a timer.
-Use a timer.
-Use a timer.
-Use a timer.
-Use a timer.

How do you study for a test?

How to Study for a Test

  1. Know the Test Format.
  2. Know the Test Content.
  3. Study the Material.
  4. Take Practice Tests.
  5. Get a Good Night’s Sleep.
  6. Eat a Good Breakfast.
  7. Stay Calm.
  8. Don’t Procrastinate.

How do you study for a","1. Create a dedicated study space: Having a specific area in your home where you can focus on your studies can help you stay focused and minimize distractions.
2. Break down your study sessions: Instead of trying to cram all your studying into one long session, break it up into smaller, more manageable chunks. This will help you stay focused and retain information better.
3. Take regular breaks: It's important to give your brain a break every now and then. Taking short breaks during your study sessions can actually improve your focus and productivity.","1. Create a dedicated study space: Having a specific area in your home where you can focus on your studies can help you stay focused and minimize distractions.
2. Break down your study sessions: Instead of trying to cram all your studying into one long session, break it up into smaller, more manageable chunks. This will help you stay focused and retain information better.
3. Take regular breaks: It's important to give your brain a break every now and then. Taking short breaks during your study sessions can actually improve your focus and productivity."
"If I have $50 and spend 40% of it, how much do I have left?","$50 - (40% of 50) = $50 - (0.40 x 50) = $50 - $20 = $30

So, I have $30 left after spending 40% of my initial $50.

Now, let's apply this concept to our earlier example of the 10% discount. If the original price of the toy was $50, then the 10% discount would mean that I would pay $45 instead of $50.

To calculate the discount, I would use the same formula:

$50 - (10% of $50) =","To find out how much money you have left after spending 40% of your $50, you can use the following formula:

Amount left = Initial amount - (Initial amount * Percentage spent)

In this case, the initial amount is $50 and the percentage spent is 40%. So, we can plug these values into the formula:

Amount left = $50 - ($50 * 40%)

First, let's calculate 40% of $50:

40% of $50 = 0.4 * $50

To multiply by 0.4, we move the decimal point two places to the left:","To find out how much money you have left after spending 40% of your $50, you can use the following formula:

Amount left = Initial amount - (Initial amount * Percentage spent)

In this case, the initial amount is $50, and the percentage spent is 40%. So, we can calculate the amount left as follows:

Amount left = $50 - ($50 * 0.40)

Let's calculate the multiplication first:

Amount left = $50 - $20

Now, let's subtract the multiplication from the initial amount:

Amount left = $50 - $20

Amount left = $"
